type,name,module,path,hash
"yaml","manifest","_config","_config/manifest.yaml","482e398cf549d61dff20dfac1fbe659b8920a1f00c40b9ac02405b4fe4d6c56b"
"csv","module-help","automator","automator/module-help.csv","9f15c87b0158f4a7dd0035a85aaafbef97e479155bdfb970b93a61b5d1bf1d0e"
"file","LICENSE","automator","automator/bmad-story-automator/LICENSE","64b7481a609b113f9d425325a160e3d721ae835ed73c490d5f77e145e1f46ba9"
"file","story-automator","automator","automator/bmad-story-automator/scripts/story-automator","33870f0f010bdedea54c12d2c82989d674f2851065af13a7906cb163c48d0dbc"
"json","agent-config-presets","automator","automator/bmad-story-automator/data/agent-config-presets.json","462bc407ce1b61f702f68c7ba959d759c9d1859e7a50632ca9213e0b31ed2258"
"json","auto","automator","automator/bmad-story-automator/data/parse/auto.json","8518c1d8785953e69470c25c19e09d8cb1001ecd75111b32262a003448fd07d0"
"json","complexity-rules","automator","automator/bmad-story-automator/data/complexity-rules.json","b56aa3a6e39f849a4114fce0b3ffeea83d17cb742ef078791cb2832e03d29fc5"
"json","contract","automator","automator/bmad-story-automator-review/contract.json","233e8f26f02ed4546d013310d11331de43453f63abdc60150d3213693b4a43f0"
"json","create","automator","automator/bmad-story-automator/data/parse/create.json","61283e6e0945e3bf208a19e7be1ef43517b737cfae928dd1731b8ed0a26a671a"
"json","dev","automator","automator/bmad-story-automator/data/parse/dev.json","7ad1e67280123d9841e7377b1e7bcb7b5092bcc6f4052f0518324d9effd16dad"
"json","orchestration-policy","automator","automator/bmad-story-automator/data/orchestration-policy.json","6c8b4479649fb32bf56b7ecd6c2c4b415d394a3732388ec4f70a32e909de669b"
"json","retro","automator","automator/bmad-story-automator/data/parse/retro.json","65013b6631da2bf2e374bd5bdb9998cf06007bcffd1b75fad23d47fb75947adf"
"json","review","automator","automator/bmad-story-automator/data/parse/review.json","8766cfff7a89af21ad1f07a130dad3407f9a854d490217560cca5fd23b1000ee"
"md","adaptive-retry","automator","automator/bmad-story-automator/data/adaptive-retry.md","5368076090db591865c6cb5d8c9202d0f0d0542e463c793a0a7313c7a996cd60"
"md","agent-config-prompts","automator","automator/bmad-story-automator/data/agent-config-prompts.md","e1a63184b91449e7c44ed58cae52ab531e743208786bec766d60ed63eac62cac"
"md","agent-fallback","automator","automator/bmad-story-automator/data/agent-fallback.md","5ec01c78496309658465540aea75dce54893bbe1e5433287b267506afbd3f11f"
"md","agent-fallback-troubleshooting","automator","automator/bmad-story-automator/data/agent-fallback-troubleshooting.md","1939b839d3962df383184338645bafcd06418daf8c906c7c801b83ac34473760"
"md","auto","automator","automator/bmad-story-automator/data/prompts/auto.md","536df9637e1d9e43ba56c0701ee1951ce7287dc51fd256787730384c71e683f2"
"md","checklist","automator","automator/bmad-story-automator-review/checklist.md","dce9eaefa805082b447b2db3cef98cba72d71eb9fae62c7ebd5c0760340134cb"
"md","code-review-loop","automator","automator/bmad-story-automator/data/code-review-loop.md","08fbb2b3a5a498ac850415c2d27d6eba497e7fdfefd1c591526e0520d37e4df4"
"md","complexity-scoring","automator","automator/bmad-story-automator/data/complexity-scoring.md","030730befed2ceeb6b49a16da762b57ca87dd1eeb71c2560b8125a38d48712b9"
"md","crash-recovery","automator","automator/bmad-story-automator/data/crash-recovery.md","ad3bef5bf6e2c6bce27a2c81c056103cc0537964f7cc9efe4bc039ec0c8aad4f"
"md","create","automator","automator/bmad-story-automator/data/prompts/create.md","3e41255e80a3416dbb742c5214373fb40daa17f3aa9547f31f9a14d9f9cae0bb"
"md","data-file-index","automator","automator/bmad-story-automator/data/data-file-index.md","9b70f695bdd3bf56bb2e73d45dfd57fbcaf3b4ca45099ad60bf666a3380efc5b"
"md","dev","automator","automator/bmad-story-automator/data/prompts/dev.md","5e9ef14c3a3a8314b0d9e39e0ef5966a97af009b3183c60ca253ec05526b34e6"
"md","escalation-messages","automator","automator/bmad-story-automator/data/escalation-messages.md","c87d457a8841f7aa98b271ab439fe5b342c05f84f2055fe7b1815231862803aa"
"md","escalation-messages-core","automator","automator/bmad-story-automator/data/escalation-messages-core.md","d1efccfc99925e0f761871d473b58163d324251904d956cea304aa4bc9836c33"
"md","escalation-messages-extended","automator","automator/bmad-story-automator/data/escalation-messages-extended.md","059784643b36587e3a211fef2124e53e9ca4fe6156f3780d01aa54f2fba231ff"
"md","escalation-triggers","automator","automator/bmad-story-automator/data/escalation-triggers.md","02983632a5e5293dafc1a80a01f439ba56634f68aa962ff09f5bd13b598746f4"
"md","execution-patterns","automator","automator/bmad-story-automator/data/execution-patterns.md","138df9a3761cfcc725372e8951e67501bf60b4bcc80025232564b7597313631c"
"md","marker-file-format","automator","automator/bmad-story-automator/data/marker-file-format.md","3c712db5e3f8ab86d27cf387fa134e2027d920da43c3e19bfc286d671bbdc619"
"md","monitoring-codex","automator","automator/bmad-story-automator/data/monitoring-codex.md","24d89fb5c4cc74956629d3e73cc706cdbc8add12318579a563fa6f9aebf92e44"
"md","monitoring-fallback","automator","automator/bmad-story-automator/data/monitoring-fallback.md","69f753ef4c1d468965f1775620fffe025fb1aaf850fe72fd86198416ed41755a"
"md","monitoring-pattern","automator","automator/bmad-story-automator/data/monitoring-pattern.md","dbe3eb03079a0e05e071cf5d923d542766c61f838586a6db89405d63d7c0b14a"
"md","monitoring-pattern-parsing","automator","automator/bmad-story-automator/data/monitoring-pattern-parsing.md","2c78391c1547b97ae95c14c9db2988a6e1a7da7fa81c4912d324099ecce3a751"
"md","orchestrator-rules","automator","automator/bmad-story-automator/data/orchestrator-rules.md","5828d75741007211b25efefd9d5b5967d1f708001d5f87741263d1045d55e729"
"md","orchestrator-rules-appendix","automator","automator/bmad-story-automator/data/orchestrator-rules-appendix.md","0ac394541cd9e3bf56c7d9742e1b19e0cb5b0334e701cfb486d5e4fd3c70e6f2"
"md","preflight-prompts","automator","automator/bmad-story-automator/data/preflight-prompts.md","6a5a667898263e691fd4369a483587fc89fca69f2225ddbc2a6b1a163c1d5c57"
"md","preflight-requirements","automator","automator/bmad-story-automator/data/preflight-requirements.md","34cf12293f30160329f108e9d78075252c41e95d8a9bb6c315468bbe077aa48e"
"md","README","automator","automator/bmad-story-automator/README.md","bae0f01b5776b42191bd9326e2e202b02c6c7526140d357e7b833eb64d11411d"
"md","report-retention-policy","automator","automator/bmad-story-automator/data/report-retention-policy.md","90504df8c6ec5c80b93d2f1036fdd54095bd2d9e5b7e79d2c13857a83ce43593"
"md","retro","automator","automator/bmad-story-automator/data/prompts/retro.md","5fe530bb83329fa2917f905b7b8c167ce2237843e3dcc31fb22fd7f61e7ba5fc"
"md","retrospective-automation","automator","automator/bmad-story-automator/data/retrospective-automation.md","9437086fbaf0a9d4d744cc777657e4721a1c7cff04b2bbdb2263dc061aeaad59"
"md","retrospective-doc-verification","automator","automator/bmad-story-automator/data/retrospective-doc-verification.md","4ab59a54e2c632e3a5e524830b30faeec95bed9aabb888a649ded6fa477c1f8d"
"md","retrospective-prompts","automator","automator/bmad-story-automator/data/retrospective-prompts.md","edae68c4f3f1ca949a481234c466df2b4b78fc53e078bf4a892b32105c1e2bf3"
"md","retry-fallback-implementation","automator","automator/bmad-story-automator/data/retry-fallback-implementation.md","d111c9f12ca9cf3da6697e21717bdde11c222dbea28ddb6a7a03b3c835e452dc"
"md","retry-fallback-strategy","automator","automator/bmad-story-automator/data/retry-fallback-strategy.md","f01538647fdb00332d651c0ae1b2713997bd1c6878deed167d03794b47990536"
"md","review","automator","automator/bmad-story-automator/data/prompts/review.md","ce486d3064f5429ab8586a318de58d855a2f9f6e4237f78b8bddcbb0efa1951f"
"md","scripts-reference","automator","automator/bmad-story-automator/data/scripts-reference.md","96e1c4d789eadf8d3bf98e5b826c93878a7b98a0fdb543277df56bf56e1920d5"
"md","SKILL","automator","automator/bmad-story-automator/SKILL.md","64a5a025f458bd69ed8d6959e6e438dfa9be169ca7e9aba1b7a4ca9b46779f99"
"md","SKILL","automator","automator/bmad-story-automator-review/SKILL.md","d7d4b3e091f2c71942cdec29e01739cedc9bbd42d05c33222de39a8bd09fb4c0"
"md","state-document","automator","automator/bmad-story-automator/templates/state-document.md","aea83a6ba99b6c87c8a47810114b7fe289eccc145211e4f663faa9b6c0c64698"
"md","step-01-init","automator","automator/bmad-story-automator/steps-c/step-01-init.md","efb47bdbefb6d8862c015ff478d96575a57873a5766f10daaa8396e64327222d"
"md","step-01b-continue","automator","automator/bmad-story-automator/steps-c/step-01b-continue.md","036d2e0fa4ae26c692043cfced66990dcdf277fde617d57f5ec1e537158d07d8"
"md","step-02-preflight","automator","automator/bmad-story-automator/steps-c/step-02-preflight.md","5f9a579bb2d3495b12386e599b10a6df86d70778f7c9858538dc9ed9a1af7b09"
"md","step-02a-preflight-config","automator","automator/bmad-story-automator/steps-c/step-02a-preflight-config.md","91efbe84c7407d622b4aab00834930caae2365562468bb675651a3a98946d889"
"md","step-02b-preflight-finalize","automator","automator/bmad-story-automator/steps-c/step-02b-preflight-finalize.md","f66e1241f379dfdfb604438f6e9c6b70debc384642cf085075f45429f8bb89b2"
"md","step-03-execute","automator","automator/bmad-story-automator/steps-c/step-03-execute.md","e17dc699ce3ea2c3fcfa1a94fe7f0d0193bccabc56a0e9e24f13413d0107e56d"
"md","step-03a-execute-review","automator","automator/bmad-story-automator/steps-c/step-03a-execute-review.md","4d93d7af7ea19470fb75fec9e1352f173c8cdc6a61c3bbaf12cd2fec30e5a765"
"md","step-03b-execute-finish","automator","automator/bmad-story-automator/steps-c/step-03b-execute-finish.md","f44595dd974f7380e7544433021ef7bc4e3c8a1df8d7c975ddd0c6e2d69f7e3c"
"md","step-03c-execute-complete","automator","automator/bmad-story-automator/steps-c/step-03c-execute-complete.md","bf49e64a055add074cb7a88ecc65bd1776fd2d41da69313ce675dd39f4a89bfe"
"md","step-04-wrapup","automator","automator/bmad-story-automator/steps-c/step-04-wrapup.md","cc0fb97c2f4c2caa68410d2c9543f823ebbe7bfb175f6cf49a71072a949b9c80"
"md","step-e-01-load","automator","automator/bmad-story-automator/steps-e/step-e-01-load.md","74aa148f24cab833e0a0fd973e9f6c0b7d941d01785add5ca63ee4da892c284b"
"md","step-v-01-check","automator","automator/bmad-story-automator/steps-v/step-v-01-check.md","0b872e796e96a9f8f897d143eac84d5bd96ea4807a1e8a6df5a744160d00677f"
"md","step-v-02-report","automator","automator/bmad-story-automator/steps-v/step-v-02-report.md","025f97d87ee4be1e331fdfd577a350d72f91fdcee43364342b9ff8688abb3451"
"md","stop-hook-config","automator","automator/bmad-story-automator/data/stop-hook-config.md","e75cd7473841c2f8b06205441e6df0556daea1b242bb5128968caaaa7760ecec"
"md","stop-hook-recovery","automator","automator/bmad-story-automator/data/stop-hook-recovery.md","3ac3e869997453f6c1d1128f4cf074920cd535501b41993c089bfc93ab74aacf"
"md","stop-hook-troubleshooting","automator","automator/bmad-story-automator/data/stop-hook-troubleshooting.md","211a82e2aa343fb012bf01d0337a0c45510c9c29b191614b8d2f734c54c6def5"
"md","subagent-prompts","automator","automator/bmad-story-automator/data/subagent-prompts.md","8b7f53500b3cf7164581473f09b5e0861f801c0a088c0f6bb37f6487b2f2d59d"
"md","subagent-prompts-analysis","automator","automator/bmad-story-automator/data/subagent-prompts-analysis.md","3da5f60c18a0e4589b6dac04b19772844ceaaa7d9d32a79cebacd004f1c94549"
"md","success-patterns","automator","automator/bmad-story-automator/data/success-patterns.md","72eee50bf7a75ed75d46c765895e1fe03c8a5fdf16af80ecca683f9f5747a9fd"
"md","tmux-commands","automator","automator/bmad-story-automator/data/tmux-commands.md","1a210cf32ccfe9c07dd4bddc73c5c4d7cf4be5c4aa8be49aae4498414f40a7b4"
"md","tmux-long-command-debugging","automator","automator/bmad-story-automator/data/tmux-long-command-debugging.md","3022db1ff49611286acce5b5a3e4e74e8dc23911b25a93ac343186489432e600"
"md","tmux-long-command-testing","automator","automator/bmad-story-automator/data/tmux-long-command-testing.md","e040f43dea8486289e45a44e0233ef7e81afe49ecf14542f11b211f6766bf08b"
"md","workflow","automator","automator/bmad-story-automator/workflow.md","c21e0a9232fb242f34f9647dd782aa03528e42d53a5d30a75fd493ab9ce7cd11"
"md","workflow-commands","automator","automator/bmad-story-automator/data/workflow-commands.md","c5a74416ef59c351c2c9d1823c708e6c584e21c0d6b6766d8604ee02c89ff05a"
"md","wrapup-templates","automator","automator/bmad-story-automator/data/wrapup-templates.md","96554759b71500fa91fbee6e2c7ff7af5aa2662c801cc62950840aa0c7e5bbd7"
"py","__init__","automator","automator/bmad-story-automator/src/story_automator/commands/__init__.py","57e2a1a8a4962858844fcd4ac534b56ee57ce87ca7cb8012c4f9ab720d44bb1d"
"py","__init__","automator","automator/bmad-story-automator/src/story_automator/__init__.py","b3ce99385971fb5de36ff718ae99d5514d4bb3ee0ff3538b2120b6c8af836588"
"py","__main__","automator","automator/bmad-story-automator/src/story_automator/__main__.py","b2557ccf866c981fd65bc19b07e7280cc6963a4ee9558bbc1a08fa3cbe5e6158"
"py","agent_config","automator","automator/bmad-story-automator/src/story_automator/core/agent_config.py","0aa7ef9d499e584955897581645c55c816600db651c3fa1d6fb574c2edfc9965"
"py","agent_config_cmd","automator","automator/bmad-story-automator/src/story_automator/commands/agent_config_cmd.py","3373a08b8bb0c76f6196b9a7cc29cb2235490e4a7a43b3212eb09f07c4552422"
"py","artifact_paths","automator","automator/bmad-story-automator/src/story_automator/core/artifact_paths.py","09d99e1649a92020e64347e754e8c960af6218149cec6b8b3f52008639b181a2"
"py","basic","automator","automator/bmad-story-automator/src/story_automator/commands/basic.py","07fd97e8c5e8e15234fe40d139c18913250b42743e308b50122e09c0cf021289"
"py","cli","automator","automator/bmad-story-automator/src/story_automator/cli.py","351f10c4b4561854c91c7c7b5cf3ee4d41f4f57775fc0f78525416135bc1d4d1"
"py","common","automator","automator/bmad-story-automator/src/story_automator/core/common.py","59ce2b768806917515f485ed2daae1966b3792af79744e63006fee777c2c6d3a"
"py","epic_parser","automator","automator/bmad-story-automator/src/story_automator/core/epic_parser.py","afa181abf0f9d8ba5156e6929bd69147bf85d2532e07efa548a1b0b6b2fdcf54"
"py","frontmatter","automator","automator/bmad-story-automator/src/story_automator/core/frontmatter.py","43d3dfc64ac096e25dca712d1f89b2a152225ea6643ca329b71a1ff21d2d8cb5"
"py","orchestrator","automator","automator/bmad-story-automator/src/story_automator/commands/orchestrator.py","5b29cca76dce0aa097dce30306c019be8272e126ba5e090ee7932e301a43ccf7"
"py","orchestrator_epic_agents","automator","automator/bmad-story-automator/src/story_automator/commands/orchestrator_epic_agents.py","5f3b5bbfc0ea38cb7e0391b1c3214d33a0dd5bfe8937523e91345022abcf939c"
"py","orchestrator_parse","automator","automator/bmad-story-automator/src/story_automator/commands/orchestrator_parse.py","5066c4622c366132b1e6f6a4ab336f5900fb42fb872d1058628f77e2644c254e"
"py","prompt_rendering","automator","automator/bmad-story-automator/src/story_automator/core/prompt_rendering.py","b7fd64bccb2e4c629b7807b9807713303f250f36448955dd25e0f791aa549d8b"
"py","review_verify","automator","automator/bmad-story-automator/src/story_automator/core/review_verify.py","4d7349924bc8040e16c5a91f4cdf1bebd62b7c88b1b54032bca9bd3ad0bbfb9d"
"py","runtime_layout","automator","automator/bmad-story-automator/src/story_automator/core/runtime_layout.py","b678faf848bcf868f595ec633fe8d63506b79e0e01878a826c219a64bd4bdd0f"
"py","runtime_policy","automator","automator/bmad-story-automator/src/story_automator/core/runtime_policy.py","d2fa037a05c15cadc7bb1a0d13e5da683bfe575a3e21bc58477874bcdc6c38c1"
"py","sprint","automator","automator/bmad-story-automator/src/story_automator/core/sprint.py","b95913d74008cf5ab06dafb563dfdd86e45033147f18fb1447129e7a4315e250"
"py","state","automator","automator/bmad-story-automator/src/story_automator/commands/state.py","0a157ffda414946c02964d3d09b978866d87b2fbd440d8fc0f2e89d80282ea7c"
"py","stop_hooks","automator","automator/bmad-story-automator/src/story_automator/core/stop_hooks.py","dababc8f727fc5c6d87df56dc930fdeb4c8ac24ac29c365247353fddb5d93a58"
"py","story_keys","automator","automator/bmad-story-automator/src/story_automator/core/story_keys.py","74141d41fc7f8b143326e8fc686fec36b7d0c2c3266f9f8cd8ea7da2b2607866"
"py","success_verifiers","automator","automator/bmad-story-automator/src/story_automator/core/success_verifiers.py","bfa5272cbca53f583dc976a36eb70efa1e4cec0ae4575a121a7b8faf6f46e717"
"py","tmux","automator","automator/bmad-story-automator/src/story_automator/adapters/tmux.py","57cd6c965399245f05277da988e3611e3588909c0ad8496f3407ecbb3eed3b4b"
"py","tmux","automator","automator/bmad-story-automator/src/story_automator/commands/tmux.py","43f94fbbc0218a66fa3611388eff2dad8a2fcca26b3e640648e80ae1f4b282ff"
"py","tmux_runtime","automator","automator/bmad-story-automator/src/story_automator/core/tmux_runtime.py","b5e9afc0732da808fab0e82c7c2f996fd70161b07d6045345db60f28f387008a"
"py","utils","automator","automator/bmad-story-automator/src/story_automator/core/utils.py","abcd4d36ac053c06bc36f058aba24a55635928ab6448b2a4192b99b2b33fbe4c"
"py","validate_story_creation","automator","automator/bmad-story-automator/src/story_automator/commands/validate_story_creation.py","93ea0dff4373e46c2cbe87a371eb049df5e41930f48dad87b59477bcc4facf09"
"py","workflow_paths","automator","automator/bmad-story-automator/src/story_automator/core/workflow_paths.py","d9838203dd45261f9357f9e3a65a2d3f8a8b0f526bcbf384253adc872ef91181"
"toml","pyproject","automator","automator/bmad-story-automator/pyproject.toml","3547572a044dbaade329e82d0c0e346bd217124256d914dc1e6e908ce14c99bd"
"xml","instructions","automator","automator/bmad-story-automator-review/instructions.xml","3e118823ecf5f204eefe1c3e7439c76328e842d9998ff3d9100125289aede0a5"
"yaml","config","automator","automator/config.yaml","73977306acf258fe5f089266422e8f7fb4d8ca0c0ba87ec99a3a707e2b379d6a"
"yaml","workflow","automator","automator/bmad-story-automator-review/workflow.yaml","cdad766d915d5ebd7d5bb4676fa91540bfebaf9565e1a7eafcd2e1584bfdc7ad"
"csv","documentation-requirements","bmm","bmm/1-analysis/bmad-document-project/documentation-requirements.csv","d1253b99e88250f2130516b56027ed706e643bfec3d99316727a4c6ec65c6c1d"
"csv","domain-complexity","bmm","bmm/3-solutioning/bmad-create-architecture/data/domain-complexity.csv","3dc34ed39f1fc79a51f7b8fc92087edb7cd85c4393a891d220f2e8dd5a101c70"
"csv","module-help","bmm","bmm/module-help.csv","44aeae5ba00ace308ebfba304548613b75c4ee4e9875e9a1afc9385689fbfe5f"
"csv","project-types","bmm","bmm/3-solutioning/bmad-create-architecture/data/project-types.csv","12343635a2f11343edb1d46906981d6f5e12b9cad2f612e13b09460b5e5106e7"
"html","validation-report-template","bmm","bmm/2-plan-workflows/bmad-prd/assets/validation-report-template.html","a80becdd8205d2d7c18738855830b096172a496b96b5ca8a0820ec55c9bb8bf9"
"html","validation-report-template","bmm","bmm/2-plan-workflows/bmad-ux/assets/validation-report-template.html","8656945636fabe96624f8ef8fce931b073b5aecbe42d490584c1d5c7f31e1353"
"json","bmad-manifest","bmm","bmm/1-analysis/bmad-prfaq/bmad-manifest.json","7908cab6f0cd66f1f3427b4cc659975b4737bdc44f789b23c6a895fcd084c4bc"
"json","project-scan-report-schema","bmm","bmm/1-analysis/bmad-document-project/templates/project-scan-report-schema.json","8466965321f1db22f5013869636199f67e0113706283c285a7ffbbf5efeea321"
"md","architecture-decision-template","bmm","bmm/3-solutioning/bmad-create-architecture/architecture-decision-template.md","5d9adf90c28df61031079280fd2e49998ec3b44fb3757c6a202cda353e172e9f"
"md","artifact-analyzer","bmm","bmm/1-analysis/bmad-prfaq/agents/artifact-analyzer.md","7bdc44830f8d593346ec0ee15e36e1e431432fcc6c38b70bb861999315c9cfa4"
"md","brief-template","bmm","bmm/1-analysis/bmad-product-brief/assets/brief-template.md","bb28edf75d023067551c8d417b19b8803324e7acfb2ad0c80f882e9134f4c1f1"
"md","case-file-template","bmm","bmm/4-implementation/bmad-investigate/references/case-file-template.md","9dccb41f3f3fc796b42411966e51b32c4231aaceb4b6bb1880a16225a990002e"
"md","checklist","bmm","bmm/1-analysis/bmad-document-project/checklist.md","581b0b034c25de17ac3678db2dbafedaeb113de37ddf15a4df6584cf2324a7d7"
"md","checklist","bmm","bmm/4-implementation/bmad-correct-course/checklist.md","3e082b95def90ccb876e3101ce0bbaf797a0f03a9471e1347361897f27977327"
"md","checklist","bmm","bmm/4-implementation/bmad-create-story/checklist.md","b94e28e774c3be0288f04ea163424bece4ddead5cd3f3680d1603ed07383323a"
"md","checklist","bmm","bmm/4-implementation/bmad-dev-story/checklist.md","630b68c6824a8785003a65553c1f335222b17be93b1bd80524c23b38bde1d8af"
"md","checklist","bmm","bmm/4-implementation/bmad-qa-generate-e2e-tests/checklist.md","b58f810aeb1040c2f6758c88aa133afce72f8cc178d3d97ff0fbaa3d943057dc"
"md","checklist","bmm","bmm/4-implementation/bmad-sprint-planning/checklist.md","80b10aedcf88ab1641b8e5f99c9a400c8fd9014f13ca65befc5c83992e367dd7"
"md","color-themes","bmm","bmm/2-plan-workflows/bmad-ux/assets/color-themes.md","48fac7943e8584ccf7dd1bcdfdfd4513366a086a3a84965b6b302ccf6607c171"
"md","compile-epic-context","bmm","bmm/4-implementation/bmad-quick-dev/compile-epic-context.md","5cfda02f252941e415b80c57b4528f46226b3cbf456ad45d78fcb5a7ef4816e2"
"md","creative-tools","bmm","bmm/2-plan-workflows/bmad-ux/references/creative-tools.md","adb3e976aa60ccb5d8c8a34294c70806c424ec784b6b532d8f9032b92caffa67"
"md","customer-faq","bmm","bmm/1-analysis/bmad-prfaq/references/customer-faq.md","96f8565197649c58908a1d61b6cd805fd01f57da7945ba889c18d087ad597aeb"
"md","deep-dive-instructions","bmm","bmm/1-analysis/bmad-document-project/workflows/deep-dive-instructions.md","a79e24b93a25ab456062916a9dad7b6a16dc43ac0b4b555700d3c3751cff0d25"
"md","deep-dive-template","bmm","bmm/1-analysis/bmad-document-project/templates/deep-dive-template.md","6198aa731d87d6a318b5b8d180fc29b9aa53ff0966e02391c17333818e94ffe9"
"md","deep-dive-workflow","bmm","bmm/1-analysis/bmad-document-project/workflows/deep-dive-workflow.md","a64d98dfa3b771df2853c4fa19a4e9c90d131e409e13b4c6f5e494d6ac715125"
"md","design-directions","bmm","bmm/2-plan-workflows/bmad-ux/assets/design-directions.md","a27225c4ebd80689d8f98c711c15ce8d525c0229bf7247591a7423f20ba88e74"
"md","design-example-editorial","bmm","bmm/2-plan-workflows/bmad-ux/assets/design-example-editorial.md","a659166845b1a4ed3f9aef942c5935537a97382b10303684fbb78ed86265870e"
"md","design-example-mobile","bmm","bmm/2-plan-workflows/bmad-ux/assets/design-example-mobile.md","a93fb9f114f2e83af0c961c0d7909b3859fc80bcd713715517cd639a53a0372a"
"md","design-example-shadcn","bmm","bmm/2-plan-workflows/bmad-ux/assets/design-example-shadcn.md","25e0dfb2bb21483973a8f0a6ed650288b3dc2ae5ed02aa0f091bb9b6b0b39fc0"
"md","design-md-spec","bmm","bmm/2-plan-workflows/bmad-ux/references/design-md-spec.md","d04d5f663607aba3f3181e818ae33856e6caf5e560dcb16fa64ed80b7cf3d590"
"md","discover-inputs","bmm","bmm/4-implementation/bmad-create-story/discover-inputs.md","dfedba6a8ea05c9a91c6d202c4b29ee3ea793d8ef77575034787ae0fef280507"
"md","epics-template","bmm","bmm/3-solutioning/bmad-create-epics-and-stories/templates/epics-template.md","a804f740155156d89661fa04e7a4264a8f712c4dc227c44fd8ae804a9b0f6b72"
"md","excalidraw-wireframe","bmm","bmm/2-plan-workflows/bmad-ux/assets/excalidraw-wireframe.md","660bbcdebff50cd044a3752eda43f3cb303aca4b0f521b55a270da93b89ddb18"
"md","experience-example-mobile","bmm","bmm/2-plan-workflows/bmad-ux/assets/experience-example-mobile.md","f8cd54c92193cd8c34a472df9c212ac7330976f6a115b729721dcb60034dc4f0"
"md","experience-example-shadcn","bmm","bmm/2-plan-workflows/bmad-ux/assets/experience-example-shadcn.md","d6ca16e87b768e8b41f352c02ee08af21d7cdac04ca21e6ae1556864b4d27590"
"md","explain-concept","bmm","bmm/1-analysis/bmad-agent-tech-writer/explain-concept.md","6ea82dbe4e41d4bb8880cbaa62d936e40cef18f8c038be73ae6e09c462abafc9"
"md","full-scan-instructions","bmm","bmm/1-analysis/bmad-document-project/workflows/full-scan-instructions.md","2235945df2ae261265187447ce593238e132a026a9b88d3507a1f1d6808a0263"
"md","full-scan-workflow","bmm","bmm/1-analysis/bmad-document-project/workflows/full-scan-workflow.md","3bff88a392c16602bd44730f32483505e73e65e46e82768809c13a0a5f55608b"
"md","generate-trail","bmm","bmm/4-implementation/bmad-checkpoint-preview/generate-trail.md","4a5936d86fbe5a85285b4535097b1e2edda8849da35586f4b588a982d7224459"
"md","headless","bmm","bmm/2-plan-workflows/bmad-prd/references/headless.md","79d2c05481f016b73bff0169a9fff4bb7f54608904c91c717b6b7627c5e63b48"
"md","headless","bmm","bmm/2-plan-workflows/bmad-ux/references/headless.md","26943a9482800603334a9eeb3f27363ac91d4061ae3ee67d32a0f78e1fe61c22"
"md","headless-schemas","bmm","bmm/2-plan-workflows/bmad-prd/assets/headless-schemas.md","66a5b1f0ce22c7baf3a6b6a14feb7458491b1106bef437389cd6291f81eebd7f"
"md","headless-schemas","bmm","bmm/2-plan-workflows/bmad-ux/assets/headless-schemas.md","ea85db9a686eb59cb62395b72ea6f27c8ff4205a17edb5b70d959c6ed16a8b94"
"md","index-template","bmm","bmm/1-analysis/bmad-document-project/templates/index-template.md","42c8a14f53088e4fda82f26a3fe41dc8a89d4bcb7a9659dd696136378b64ee90"
"md","instructions","bmm","bmm/1-analysis/bmad-document-project/instructions.md","9f4bc3a46559ffd44289b0d61a0f8f26f829783aa1c0e2a09dfa807fa93eb12f"
"md","internal-faq","bmm","bmm/1-analysis/bmad-prfaq/references/internal-faq.md","26eb83f844cda1ed8efb50f4703d61713ada8a64bd27eb387f759f858b5748de"
"md","key-screens","bmm","bmm/2-plan-workflows/bmad-ux/assets/key-screens.md","a546c6071f62ee4298c7ecb2b4d52e90d5db82dd65ed6a870787b2d54c0f9204"
"md","mermaid-gen","bmm","bmm/1-analysis/bmad-agent-tech-writer/mermaid-gen.md","1d83fcc5fa842bc31ecd9fd7e45fbf013fabcadf0022d3391fff5b53b48e4b5d"
"md","prd-template","bmm","bmm/2-plan-workflows/bmad-prd/assets/prd-template.md","41e77bd5c4ee81c3f383b55d6f515147afc9c4bd1a3317ddf55a9282deae495c"
"md","prd-validation-checklist","bmm","bmm/2-plan-workflows/bmad-prd/assets/prd-validation-checklist.md","41d9f09064772a92ec908d970618e47ba63dc86b5c5a1a21d5a2c676d3ba8e3f"
"md","press-release","bmm","bmm/1-analysis/bmad-prfaq/references/press-release.md","c406adb0e2d2cc326cbc45d0174f89d014523448ad82bc272293999d22aec596"
"md","prfaq-template","bmm","bmm/1-analysis/bmad-prfaq/assets/prfaq-template.md","b27e6964f0437ab4e78c8c0ffbe5052c28e3b3ef2fc811726cbb394d5a5c7559"
"md","project-context-template","bmm","bmm/3-solutioning/bmad-generate-project-context/project-context-template.md","54e351394ceceb0ac4b5b8135bb6295cf2c37f739c7fd11bb895ca16d79824a5"
"md","project-overview-template","bmm","bmm/1-analysis/bmad-document-project/templates/project-overview-template.md","a7c7325b75a5a678dca391b9b69b1e3409cfbe6da95e70443ed3ace164e287b2"
"md","readiness-report-template","bmm","bmm/3-solutioning/bmad-check-implementation-readiness/templates/readiness-report-template.md","0da97ab1e38818e642f36dc0ef24d2dae69fc6e0be59924dc2dbf44329738ff6"
"md","research.template","bmm","bmm/1-analysis/research/bmad-domain-research/research.template.md","507bb6729476246b1ca2fca4693986d286a33af5529b6cd5cb1b0bb5ea9926ce"
"md","research.template","bmm","bmm/1-analysis/research/bmad-market-research/research.template.md","507bb6729476246b1ca2fca4693986d286a33af5529b6cd5cb1b0bb5ea9926ce"
"md","research.template","bmm","bmm/1-analysis/research/bmad-technical-research/research.template.md","507bb6729476246b1ca2fca4693986d286a33af5529b6cd5cb1b0bb5ea9926ce"
"md","SKILL","bmm","bmm/1-analysis/bmad-agent-analyst/SKILL.md","fca38a404e79508ebc39235d0162bcb475b02407a913e3e5bd8c5526b2b261a6"
"md","SKILL","bmm","bmm/1-analysis/bmad-agent-tech-writer/SKILL.md","7544242ff68d0ddfd466274f40ae9f3b0ea06ee5f5f938f68f953e19b3598cd7"
"md","SKILL","bmm","bmm/1-analysis/bmad-document-project/SKILL.md","806d73f66a8f3f3e7b3cbd3b9a87ad4d8b9aabd3ff91f37c96edef36a17aa2b3"
"md","SKILL","bmm","bmm/1-analysis/bmad-prfaq/SKILL.md","42bbfe91af6826463c30dad6ba4038ebc755e8b3bc3d74b7853bd0432f4384c1"
"md","SKILL","bmm","bmm/1-analysis/bmad-product-brief/SKILL.md","1aa3756bf48864462970c53801cb5b39c12b525a3f8d9411e3d1f5e4b7afdb94"
"md","SKILL","bmm","bmm/1-analysis/research/bmad-domain-research/SKILL.md","2308f7e21f78d7f2ed43d560dbcdbfa2af236d6a81988495f28baf0e81a03206"
"md","SKILL","bmm","bmm/1-analysis/research/bmad-market-research/SKILL.md","13f2c2148061dc6688c4c9d81b5e5b98fbfe4d7294eba0daa0cac5b17f7a0593"
"md","SKILL","bmm","bmm/1-analysis/research/bmad-technical-research/SKILL.md","290c5aec88886a623f620e59e43090d11791b0fade357bae2b9de9ae510d3159"
"md","SKILL","bmm","bmm/2-plan-workflows/bmad-agent-pm/SKILL.md","e2ebea0bf6ee158fcb9e62731a185983f2ac59f664940f4f4320cf10e1bbdf92"
"md","SKILL","bmm","bmm/2-plan-workflows/bmad-agent-ux-designer/SKILL.md","d780ae59b9fb7e3a94c5ffe4ec75f90942d4a9a3944af4b36c2d279fdd7801db"
"md","SKILL","bmm","bmm/2-plan-workflows/bmad-create-prd/SKILL.md","143c5c2d85734021db343ff3dbf143e804eddbf9fb519fb824b70f1a9154767d"
"md","SKILL","bmm","bmm/2-plan-workflows/bmad-edit-prd/SKILL.md","31ecfe3c16513d994e44e648a7f2d4f4a6ccf297ca6c1826aa68ef7b053e7ff2"
"md","SKILL","bmm","bmm/2-plan-workflows/bmad-prd/SKILL.md","53e3212e2c3321b70dd05b29ac6b9089a0d7eeb345fd99d9d6439e1c294e85b2"
"md","SKILL","bmm","bmm/2-plan-workflows/bmad-ux/SKILL.md","e514708b3c56848ec9dece8845efc96d2cf3b36fb18c04ff464653cab1165a0c"
"md","SKILL","bmm","bmm/2-plan-workflows/bmad-validate-prd/SKILL.md","931439b8c84bc454d0596a1ad35d6583c1926c941f2928c54b31aea702c24b53"
"md","SKILL","bmm","bmm/3-solutioning/bmad-agent-architect/SKILL.md","82bbf22ff3a4571741c9339ae6b7c35676a6e26a3237ceca487abe85369e91a0"
"md","SKILL","bmm","bmm/3-solutioning/bmad-check-implementation-readiness/SKILL.md","a7e12eae2bdb5a95cc0534e6d5bf58e7ce4b947327a494d475ef98e67f03718a"
"md","SKILL","bmm","bmm/3-solutioning/bmad-create-architecture/SKILL.md","9863398b2a4e4603130d86f70b1e76bead4ffbf5b9883a12d9d57a925efdaed4"
"md","SKILL","bmm","bmm/3-solutioning/bmad-create-epics-and-stories/SKILL.md","4ec9ec255c2c0e97ae912342ae1445318e672aa1c2a9e412806b7d7ef7d5a6a7"
"md","SKILL","bmm","bmm/3-solutioning/bmad-generate-project-context/SKILL.md","f25e05d8c3923f331f96a73e6ba8bb8b055b5ca2aa548402a3b633141b8dea21"
"md","SKILL","bmm","bmm/4-implementation/bmad-agent-dev/SKILL.md","54ab6d9d60d7ed7e84d6510cf325734b66feb1b419131436672559584b4bf508"
"md","SKILL","bmm","bmm/4-implementation/bmad-checkpoint-preview/SKILL.md","34613078dbea9c55e45df016399328d8360579fd381301a5de78bb52c3597591"
"md","SKILL","bmm","bmm/4-implementation/bmad-code-review/SKILL.md","469e9478941710a1a752cac3e8c3c0e5f8828e63b27359a8c236d83d5deb4940"
"md","SKILL","bmm","bmm/4-implementation/bmad-correct-course/SKILL.md","5064ef2e7aedfb094bef912d5e4d6680318a1904d9bcdc7875d3dc16bb253ea4"
"md","SKILL","bmm","bmm/4-implementation/bmad-create-story/SKILL.md","23551a5b6ad1df44cd8020065d3ccbc8afafcb00961aca203a90d0584ea08190"
"md","SKILL","bmm","bmm/4-implementation/bmad-dev-story/SKILL.md","f12801307b157f04d2bde7da104e1ebde3f2898bd3a60326da928d5b9fc793ac"
"md","SKILL","bmm","bmm/4-implementation/bmad-investigate/SKILL.md","c544661dd73d01728c8de8c96622d16b8e8ffe423352f04b2093d5d4b6a0274a"
"md","SKILL","bmm","bmm/4-implementation/bmad-qa-generate-e2e-tests/SKILL.md","9e78729569b2dc8e24e5f8eb016a851c4efd5c1920e2c91e0e3175fc6899d98d"
"md","SKILL","bmm","bmm/4-implementation/bmad-quick-dev/SKILL.md","4c67bf5f805cd73c2a45587f24dcc88c2ea16fce7bfb53c1d9de1479763a5b68"
"md","SKILL","bmm","bmm/4-implementation/bmad-retrospective/SKILL.md","ced7497014942601a47c66193d0f2a6daf0c4da3d64c14691c5900a7fca4398e"
"md","SKILL","bmm","bmm/4-implementation/bmad-sprint-planning/SKILL.md","ee30e6b908ea266e308d51c4163d55dceb2913fb09359b647fe5533852572b60"
"md","SKILL","bmm","bmm/4-implementation/bmad-sprint-status/SKILL.md","1f4b2ff81d337101d836d3eb8e73998b0495423593675a688aee43cec23eebf1"
"md","source-tree-template","bmm","bmm/1-analysis/bmad-document-project/templates/source-tree-template.md","109bc335ebb22f932b37c24cdc777a351264191825444a4d147c9b82a1e2ad7a"
"md","spec-template","bmm","bmm/4-implementation/bmad-quick-dev/spec-template.md","3ee15d5a63cf5eeee74149c590668fc61d0e44023eac12988a1ca2a9438a9d39"
"md","step-01-clarify-and-route","bmm","bmm/4-implementation/bmad-quick-dev/step-01-clarify-and-route.md","b5eb9f0cecf2a462885b8e7b4c21abbaec1e95c8abbd76bc410d9090fd8379f0"
"md","step-01-discover","bmm","bmm/3-solutioning/bmad-generate-project-context/steps/step-01-discover.md","8b2c8c7375f8a3c28411250675a28c0d0a9174e6c4e67b3d53619888439c4613"
"md","step-01-document-discovery","bmm","bmm/3-solutioning/bmad-check-implementation-readiness/steps/step-01-document-discovery.md","c763b512d55906122433cb65c1bcd5b5b283e45eacdc07281c8ec7596b6b3980"
"md","step-01-gather-context","bmm","bmm/4-implementation/bmad-code-review/steps/step-01-gather-context.md","d0ee7558605e9d48b5b6f15d9b535542eb6d922613f529bb520326eacade4171"
"md","step-01-init","bmm","bmm/1-analysis/research/bmad-domain-research/domain-steps/step-01-init.md","efee243f13ef54401ded88f501967b8bc767460cec5561b2107fc03fe7b7eab1"
"md","step-01-init","bmm","bmm/1-analysis/research/bmad-market-research/steps/step-01-init.md","64d5501aea0c0005db23a0a4d9ee84cf4e9239f553c994ecc6b1356917967ccc"
"md","step-01-init","bmm","bmm/1-analysis/research/bmad-technical-research/technical-steps/step-01-init.md","c9a1627ecd26227e944375eb691e7ee6bc9f5db29a428a5d53e5d6aef8bb9697"
"md","step-01-init","bmm","bmm/3-solutioning/bmad-create-architecture/steps/step-01-init.md","5119205b712ebda0cd241c3daad217bb0f6fa9e6cb41d6635aec6b7fe83b838a"
"md","step-01-orientation","bmm","bmm/4-implementation/bmad-checkpoint-preview/step-01-orientation.md","d9e3b949c36d49a025f3535773af2b51888fe4ce616b6d6d69683a122716b1d2"
"md","step-01-validate-prerequisites","bmm","bmm/3-solutioning/bmad-create-epics-and-stories/steps/step-01-validate-prerequisites.md","5c2aabc871363d84fc2e12fd83a3889e9d752b6bd330e31a0067c96204dd4880"
"md","step-01b-continue","bmm","bmm/3-solutioning/bmad-create-architecture/steps/step-01b-continue.md","4bf216008297dcea25f8be693109cf17879c621865b302c994cdd15aa5124e5f"
"md","step-02-context","bmm","bmm/3-solutioning/bmad-create-architecture/steps/step-02-context.md","4381c5128de7d5c02ac806a1263e3965754bd2598954f3188219fbd87567e5c9"
"md","step-02-customer-behavior","bmm","bmm/1-analysis/research/bmad-market-research/steps/step-02-customer-behavior.md","bac4de244049f90d1f2eb95e2cc9389cc84966d9538077fef1ec9c35e4533849"
"md","step-02-design-epics","bmm","bmm/3-solutioning/bmad-create-epics-and-stories/steps/step-02-design-epics.md","7c66987808c1f84e853fe54b7aff26d209196d450b5644704110f124a15179bc"
"md","step-02-domain-analysis","bmm","bmm/1-analysis/research/bmad-domain-research/domain-steps/step-02-domain-analysis.md","385a288d9bbb0adf050bcce4da4dad198a9151822f9766900404636f2b0c7f9d"
"md","step-02-generate","bmm","bmm/3-solutioning/bmad-generate-project-context/steps/step-02-generate.md","b1f063edae66a74026b67a79a245cec7ee85438bafcacfc70dcf6006b495e060"
"md","step-02-plan","bmm","bmm/4-implementation/bmad-quick-dev/step-02-plan.md","72f4df415adceaaf554166983559e058c6a019d783d0f87cf42c401db3c5f52c"
"md","step-02-prd-analysis","bmm","bmm/3-solutioning/bmad-check-implementation-readiness/steps/step-02-prd-analysis.md","38be2bf4b924c0b5b395b57d68f685d790ade7b1a6c10993d3c550675f87d954"
"md","step-02-review","bmm","bmm/4-implementation/bmad-code-review/steps/step-02-review.md","1883758e0e91fba439497d04417f03d778f3f6fb12754f49aa8cfa5e15489f70"
"md","step-02-technical-overview","bmm","bmm/1-analysis/research/bmad-technical-research/technical-steps/step-02-technical-overview.md","9c7582241038b16280cddce86f2943216541275daf0a935dcab78f362904b305"
"md","step-02-walkthrough","bmm","bmm/4-implementation/bmad-checkpoint-preview/step-02-walkthrough.md","66cf893f8f968ee81034e9ccd8c20415692c3a8c23a9a143c2245fe6c800acdc"
"md","step-03-competitive-landscape","bmm","bmm/1-analysis/research/bmad-domain-research/domain-steps/step-03-competitive-landscape.md","f10aa088ba00c59491507f6519fb314139f8be6807958bb5fd1b66bff2267749"
"md","step-03-complete","bmm","bmm/3-solutioning/bmad-generate-project-context/steps/step-03-complete.md","e61463db76a8fa060411aa24127aee936d646b97564e9e2a883494ea50e68464"
"md","step-03-create-stories","bmm","bmm/3-solutioning/bmad-create-epics-and-stories/steps/step-03-create-stories.md","c5b787a82e4e49ed9cd9c028321ee1689f32b8cd69d89eea609b37cd3d481afc"
"md","step-03-customer-pain-points","bmm","bmm/1-analysis/research/bmad-market-research/steps/step-03-customer-pain-points.md","5b2418ccaaa89291c593efed0311b3895faad1e9181800d382da823a8eb1312a"
"md","step-03-detail-pass","bmm","bmm/4-implementation/bmad-checkpoint-preview/step-03-detail-pass.md","d48163b9f305f15af57729a8443142e47beb6c3e977554afe12b39ee49cb9fc0"
"md","step-03-epic-coverage-validation","bmm","bmm/3-solutioning/bmad-check-implementation-readiness/steps/step-03-epic-coverage-validation.md","7b187f03a47cba0325fcfd10240410db9c59d93768342fc2dd3de2a01ec23356"
"md","step-03-implement","bmm","bmm/4-implementation/bmad-quick-dev/step-03-implement.md","4d848865eafe5eeba7d83529c766bd410a9cc20a05de1d6a764954c7275b4749"
"md","step-03-integration-patterns","bmm","bmm/1-analysis/research/bmad-technical-research/technical-steps/step-03-integration-patterns.md","005d517a2f962e2172e26b23d10d5e6684c7736c0d3982e27b2e72d905814ad9"
"md","step-03-starter","bmm","bmm/3-solutioning/bmad-create-architecture/steps/step-03-starter.md","b7727e0f37bc5325e15abad1c54bef716d617df423336090189efd1d307a0b3f"
"md","step-03-triage","bmm","bmm/4-implementation/bmad-code-review/steps/step-03-triage.md","91eaa27f6a167702ead00da9e93565c9bff79dce92c02eccbca61b1d1ed39a80"
"md","step-04-architectural-patterns","bmm","bmm/1-analysis/research/bmad-technical-research/technical-steps/step-04-architectural-patterns.md","4636f23e9c585a7a0c90437a660609d913f16362c3557fc2e71d408d6b9f46ce"
"md","step-04-customer-decisions","bmm","bmm/1-analysis/research/bmad-market-research/steps/step-04-customer-decisions.md","f0bc25f2179b7490e7a6704159a32fc9e83ab616022355ed53acfe8e2f7059d5"
"md","step-04-decisions","bmm","bmm/3-solutioning/bmad-create-architecture/steps/step-04-decisions.md","7fc0ebb63ab5ad0efc470f1063c15f14f52f5d855da2382fd17576cf060a8763"
"md","step-04-final-validation","bmm","bmm/3-solutioning/bmad-create-epics-and-stories/steps/step-04-final-validation.md","6b83fcf177c24c6b43c2eb0df2efc1430cb0f357b3ab20ee8a5c5483c3fee079"
"md","step-04-present","bmm","bmm/4-implementation/bmad-code-review/steps/step-04-present.md","eee5687e9d7da9a0aeffd78180b8289fca804fc2d59896db5f65a8dd476e4869"
"md","step-04-regulatory-focus","bmm","bmm/1-analysis/research/bmad-domain-research/domain-steps/step-04-regulatory-focus.md","d22035529efe91993e698b4ebf297bf2e7593eb41d185a661c357a8afc08977b"
"md","step-04-review","bmm","bmm/4-implementation/bmad-quick-dev/step-04-review.md","e62a50a37ab20eb426f5abd44179dfac51548707b5e85e6fe7817c144cbe3dae"
"md","step-04-testing","bmm","bmm/4-implementation/bmad-checkpoint-preview/step-04-testing.md","28a56e868968ea2d18add0df8c4bccced0f94b698e218df3d45ddac072ce369c"
"md","step-04-ux-alignment","bmm","bmm/3-solutioning/bmad-check-implementation-readiness/steps/step-04-ux-alignment.md","f71e5f0d77615e885ae40fdee6b04c1dd6e472c871f87b515fe869cb5f6966fb"
"md","step-05-competitive-analysis","bmm","bmm/1-analysis/research/bmad-market-research/steps/step-05-competitive-analysis.md","17532051ad232cfc859f09ac3b44f9f4d542eb24cff8d07317126ccdff0d225a"
"md","step-05-epic-quality-review","bmm","bmm/3-solutioning/bmad-check-implementation-readiness/steps/step-05-epic-quality-review.md","d8a84e57f4e3a321734b5b5d093458ceb1e338744f18954c5a204f5ce3576185"
"md","step-05-implementation-research","bmm","bmm/1-analysis/research/bmad-technical-research/technical-steps/step-05-implementation-research.md","e2b8a2c79bcebadc85f3823145980fa47d7e7be8d1c112f686c6223c8c138608"
"md","step-05-patterns","bmm","bmm/3-solutioning/bmad-create-architecture/steps/step-05-patterns.md","3c80aba507aa46893ef43f07c5c321b985632ef57abc82d5ee93c3d9c2911134"
"md","step-05-present","bmm","bmm/4-implementation/bmad-quick-dev/step-05-present.md","ea49ce8703d4946ec54a59ff428d52ad64ab2649f49c43230bec1f3d09e85b55"
"md","step-05-technical-trends","bmm","bmm/1-analysis/research/bmad-domain-research/domain-steps/step-05-technical-trends.md","fd6c577010171679f630805eb76e09daf823c2b9770eb716986d01f351ce1fb4"
"md","step-05-wrapup","bmm","bmm/4-implementation/bmad-checkpoint-preview/step-05-wrapup.md","c2d4dbc17fed4f8ecbfcb09a2f9c77f0d4562bd27397270e2c27ba37cf4fe073"
"md","step-06-final-assessment","bmm","bmm/3-solutioning/bmad-check-implementation-readiness/steps/step-06-final-assessment.md","1b9c8c2a21950f85e052e05309bfcb3bfe38157ba6fca402ccf37444e7f1cee3"
"md","step-06-research-completion","bmm","bmm/1-analysis/research/bmad-market-research/steps/step-06-research-completion.md","4f5d3158a8462656d6959d29544ed5c92cb925641e2205e47af05c124fcd7666"
"md","step-06-research-synthesis","bmm","bmm/1-analysis/research/bmad-domain-research/domain-steps/step-06-research-synthesis.md","805f2cb7005a4fb0c4da52ea38d45de863f3e840e0f2de1456c414831cdbdf59"
"md","step-06-research-synthesis","bmm","bmm/1-analysis/research/bmad-technical-research/technical-steps/step-06-research-synthesis.md","64d9303ef0c9ce839dc3b2d72e94e3e5b4673e82dc7fc9f1571bd0b03b3a43a7"
"md","step-06-structure","bmm","bmm/3-solutioning/bmad-create-architecture/steps/step-06-structure.md","f8333ca290b62849c1e2eb2f770b46705b09fe0322217b699b13be047efdd03e"
"md","step-07-validation","bmm","bmm/3-solutioning/bmad-create-architecture/steps/step-07-validation.md","dde4cd93a3015011da9a8a3237aafa2d15d0935205686231e58bf7064f81cc28"
"md","step-08-complete","bmm","bmm/3-solutioning/bmad-create-architecture/steps/step-08-complete.md","6466e5196be63e9e21b81d6fed45f1ff547d6ac739271201d6180febc857473d"
"md","step-oneshot","bmm","bmm/4-implementation/bmad-quick-dev/step-oneshot.md","d68648848bb8277f5b762c3528c2aa42122268037b97d252a8f4faf4edb2830e"
"md","sync-sprint-status","bmm","bmm/4-implementation/bmad-quick-dev/sync-sprint-status.md","c0f2fdb940984206a4b7aa2467fbcb7c4811f648634e43a488593974e9efff5e"
"md","template","bmm","bmm/4-implementation/bmad-create-story/template.md","29ba697368d77e88e88d0e7ac78caf7a78785a7dcfc291082aa96a62948afb67"
"md","validate","bmm","bmm/2-plan-workflows/bmad-prd/references/validate.md","689387606f3df71641a619e42d2841c815de1e05f8ceb87d2198383e3cb0f98b"
"md","validate","bmm","bmm/2-plan-workflows/bmad-ux/references/validate.md","a9863cdcfd74edb0a34189594df46a5c3a2f08ab2524257f6a38342ec0a6cead"
"md","validate-doc","bmm","bmm/1-analysis/bmad-agent-tech-writer/validate-doc.md","3b8d25f60be191716266726393f2d44b77262301b785a801631083b610d6acc5"
"md","verdict","bmm","bmm/1-analysis/bmad-prfaq/references/verdict.md","1a1cbc34090114d3a2b928456edec1563b73d84fea66c58e98780bf680f172ec"
"md","web-researcher","bmm","bmm/1-analysis/bmad-prfaq/agents/web-researcher.md","6e9127bb9bd3e4b15c701e4ced9eef328769262cd34eadc221bebe954c1f3aef"
"md","write-document","bmm","bmm/1-analysis/bmad-agent-tech-writer/write-document.md","c0ddfd981f765b82cba0921dad331cd1fa32bacdeea1f02320edfd60a0ae7e6f"
"toml","customize","bmm","bmm/1-analysis/bmad-agent-analyst/customize.toml","7191f4a60ada7dbabe083699b2461f35778af7688924dc6ce05911cf1ffc9054"
"toml","customize","bmm","bmm/1-analysis/bmad-agent-tech-writer/customize.toml","bb828f2d26a136870099226f07c61297ce88ddd335823b7549592932bbe14a2e"
"toml","customize","bmm","bmm/1-analysis/bmad-document-project/customize.toml","3bbb5044fafdd865a5fe0863df116a479f30de7fb95c9cf4213f0b87ba1ba924"
"toml","customize","bmm","bmm/1-analysis/bmad-prfaq/customize.toml","8994f925bab65bd310e5ab38781286b6137f3e0c9e89f3ab8a2f480eb05e0de5"
"toml","customize","bmm","bmm/1-analysis/bmad-product-brief/customize.toml","cdd7b417de5b280ab5bd3af65f69654b05980b5efb48077563827c16391f42d6"
"toml","customize","bmm","bmm/1-analysis/research/bmad-domain-research/customize.toml","462ef14dc1e1f6d145fdfe25e315168fd1fa278ea5f87fe0fa86689234daec2f"
"toml","customize","bmm","bmm/1-analysis/research/bmad-market-research/customize.toml","f47af9158893dd3f7ab81ac03cb07d8c76342eead61ec7c9a8a463066b7db9af"
"toml","customize","bmm","bmm/1-analysis/research/bmad-technical-research/customize.toml","7f567fddb04674f817398addbc06e6d1620883d89dcc7ac643c5a56eef5ac337"
"toml","customize","bmm","bmm/2-plan-workflows/bmad-agent-pm/customize.toml","afc2250de25241ac3577c9827e1ee62d8c7a1913de8eb23aadfffb0aadbadc37"
"toml","customize","bmm","bmm/2-plan-workflows/bmad-agent-ux-designer/customize.toml","3df7da44945f9df34dbb3a64de086c756e6c298e73078e388e8f9a4f57cbf7ab"
"toml","customize","bmm","bmm/2-plan-workflows/bmad-create-prd/customize.toml","0c990af4c0a755402abbef893850bd542744a8b6f36c0587c9f3fb6dab6bf5e7"
"toml","customize","bmm","bmm/2-plan-workflows/bmad-edit-prd/customize.toml","35cc2dfb3eda73a0ae4dc987cac58867b25c43ce5c5a1bf552e215826ede6c22"
"toml","customize","bmm","bmm/2-plan-workflows/bmad-prd/customize.toml","c30f48939b558a0e7e4c0a4d4f6eb08e50bad4464ca64c652247d114a398d459"
"toml","customize","bmm","bmm/2-plan-workflows/bmad-ux/customize.toml","1f1d7754ea7bba38d1dc3702f60eac50ceba4f515f61e296dab2f0d14281aa84"
"toml","customize","bmm","bmm/2-plan-workflows/bmad-validate-prd/customize.toml","bfb3c8af5b81b2cdb9bb84f844f1b0dafc40d8c283effa6ad48db966b9446cef"
"toml","customize","bmm","bmm/3-solutioning/bmad-agent-architect/customize.toml","32e8074896a569ce59e4db62ab3b4af396798b8fa50c67449a5d90c2a7a7e074"
"toml","customize","bmm","bmm/3-solutioning/bmad-check-implementation-readiness/customize.toml","571d81087b7a6d914cf7c2f21aa26354eac385bb2f5cfeabc591892cbb98d036"
"toml","customize","bmm","bmm/3-solutioning/bmad-create-architecture/customize.toml","618be49b0286f18dfb4b6bac3d96bf1cf062994fa5278cd327be9898e651b43c"
"toml","customize","bmm","bmm/3-solutioning/bmad-create-epics-and-stories/customize.toml","da9e43605bc6aec83173050b5d37ede6aebfa9a17c5959a5029681d73e744ba3"
"toml","customize","bmm","bmm/3-solutioning/bmad-generate-project-context/customize.toml","00b6e893b93a1be7c04408f1824dad72c2c43ee02ba29210725e34394bf8225e"
"toml","customize","bmm","bmm/4-implementation/bmad-agent-dev/customize.toml","b56c0af68e2234dc57d9ebe765049ebd9df9e24909d0d9b2b4b12ddefe5291a7"
"toml","customize","bmm","bmm/4-implementation/bmad-checkpoint-preview/customize.toml","1a1e0c3a8914adda3cec925eed51287e067c7f84120de64a8df53348e7b77de5"
"toml","customize","bmm","bmm/4-implementation/bmad-code-review/customize.toml","94ad662fdf3fda372c6e24b2cbda629d0b2aa851097d02afb5905c768b1a1cde"
"toml","customize","bmm","bmm/4-implementation/bmad-correct-course/customize.toml","78095d25afb5b2d4844956f61e9ac640a62d0245174fab9406e9c289f33fd84b"
"toml","customize","bmm","bmm/4-implementation/bmad-create-story/customize.toml","1204f6de064436922f2813069778eb4eaa5f1f945aa8ea5a5ffb87897a2ba8fe"
"toml","customize","bmm","bmm/4-implementation/bmad-dev-story/customize.toml","592fa7948c4614609a59b152518f518d35e0178d6aa7c22e169d78157fd9f5aa"
"toml","customize","bmm","bmm/4-implementation/bmad-investigate/customize.toml","7ec009a4a0a9b476de98de99938f58e319dc6f410b9176910c9ed725e80519e1"
"toml","customize","bmm","bmm/4-implementation/bmad-qa-generate-e2e-tests/customize.toml","04a99926b2d79318b927434c7344dc666f143026ed99c7fcc0d6e3d68263ae66"
"toml","customize","bmm","bmm/4-implementation/bmad-quick-dev/customize.toml","5ba463713de51762eb381be787cbd657932333b808be370d851fc3e40f139e2f"
"toml","customize","bmm","bmm/4-implementation/bmad-retrospective/customize.toml","0b032c342129732820ca2db386d2d5e26d033d8ac296388fc9f2e78765fab9fb"
"toml","customize","bmm","bmm/4-implementation/bmad-sprint-planning/customize.toml","f7bde2f792e8604f26122ee792c5493e270710296044b07680db7d90e886caf3"
"toml","customize","bmm","bmm/4-implementation/bmad-sprint-status/customize.toml","96261fd227befaa4685b0a5091d3e85299d4ae8e4404176b42f5ef2e2fb501bd"
"yaml","config","bmm","bmm/config.yaml","0e8a00af91c3044c0b0c4e26d784c06d70ba51b9ffd70616f480869819b72090"
"yaml","sprint-status-template","bmm","bmm/4-implementation/bmad-sprint-planning/sprint-status-template.yaml","deeec135d875b107618dd41278349689b5f3dcb5894d7509909417a570f46fd9"
"csv","design-methods","cis","cis/skills/bmad-cis-design-thinking/design-methods.csv","97a1fa87aaa355ce855c2c4e3bbfde59cb4ed2166cf9896496af786f10c13459"
"csv","innovation-frameworks","cis","cis/skills/bmad-cis-innovation-strategy/innovation-frameworks.csv","bd1d191062302353d2562a54751f8f263ce47e143202e2c0fe41315c2be9eb95"
"csv","module-help","cis","cis/module-help.csv","09a9e0534d6b82495e4703561a63d4b239a7e9e2053883630865f50b5a5d43d5"
"csv","solving-methods","cis","cis/skills/bmad-cis-problem-solving/solving-methods.csv","f3a380b12b21ec2410d1ac44bc8ca1970b0a04a21bfe3dd0370ac7ed1ec0d2c0"
"csv","story-types","cis","cis/skills/bmad-cis-storytelling/story-types.csv","8cf3d49d3ce771f30b6d9c0c936d35f92b8af23e0962c876df832c02d605f1ce"
"md","SKILL","cis","cis/skills/bmad-cis-agent-brainstorming-coach/SKILL.md","8319b333d17005d3cb217e35425720a6860117da2127a49fd54f26fc4ce4ecbd"
"md","SKILL","cis","cis/skills/bmad-cis-agent-creative-problem-solver/SKILL.md","5e76f1dc0201c8f0a5f62bbf31ddf54abafb4d2ed16c7029d76129a97650cb36"
"md","SKILL","cis","cis/skills/bmad-cis-agent-design-thinking-coach/SKILL.md","9e01ddeb1cde6a09f56e0b299ed1b438e0504626d71f89e133abf5cfb05bb974"
"md","SKILL","cis","cis/skills/bmad-cis-agent-innovation-strategist/SKILL.md","dc87fabf02687931fca5a5d9c7e823a65858667b519361e62239b4a9fb80567e"
"md","SKILL","cis","cis/skills/bmad-cis-agent-presentation-master/SKILL.md","6de03d6f40d5bfa6c907be99c26fa85cfdd6f29ffe32d61f05b036692be9b70f"
"md","SKILL","cis","cis/skills/bmad-cis-agent-storyteller/SKILL.md","0b1e07d4d4e5b8699ada13ae77e5937049f677c8042709e24a22c964f5d6b430"
"md","SKILL","cis","cis/skills/bmad-cis-design-thinking/SKILL.md","2accfa89b433332624d606cdb45e2fc793bb00f64085e362adbc88a79ad2dde9"
"md","SKILL","cis","cis/skills/bmad-cis-innovation-strategy/SKILL.md","b217a43193fbd7aeefa242f0275056d5b1f0d8a5092a13073b570e9765d0d44e"
"md","SKILL","cis","cis/skills/bmad-cis-problem-solving/SKILL.md","4513bdf0a8e23e9e197bd797abb4f2a35805629304408c674fd5266cd8162565"
"md","SKILL","cis","cis/skills/bmad-cis-storytelling/SKILL.md","57070893827957fe3ac1940009367572c5a42f19b934ff9aec2301226f5088db"
"md","template","cis","cis/skills/bmad-cis-design-thinking/template.md","7bcf6d0cd09de3c0d91f3f49ee280177365dabb64ed814b97e83e73082643c37"
"md","template","cis","cis/skills/bmad-cis-innovation-strategy/template.md","ab574d69fa13e21c806101a9089563b541013f6df44255d800ea24d4cb6d7136"
"md","template","cis","cis/skills/bmad-cis-problem-solving/template.md","c46fbdf42a1d9ad732f562e4add05020198ffc7ba18d134718e1cd960752c390"
"md","template","cis","cis/skills/bmad-cis-storytelling/template.md","290615dbd530dc13843a87ebedd107b390bcfd57cf68df67cd250dea8f49b2dd"
"toml","customize","cis","cis/skills/bmad-cis-agent-brainstorming-coach/customize.toml","1f39c1f71956ed7de604d65d22a71a9dd545f7ea79e7d7896cbe7dd5420ee136"
"toml","customize","cis","cis/skills/bmad-cis-agent-creative-problem-solver/customize.toml","22776ffabb4cb872d3449a7df37dc54596f7f94bd551aa865e7680f76fbe0ea6"
"toml","customize","cis","cis/skills/bmad-cis-agent-design-thinking-coach/customize.toml","82a6afc2c758207108eb1a550207cf5938d4045526cc80f4a803e17c60cd2358"
"toml","customize","cis","cis/skills/bmad-cis-agent-innovation-strategist/customize.toml","813ec5fee7c4bbf57114183df762442e98a8917e6b18dc4db43b592a7c68cf03"
"toml","customize","cis","cis/skills/bmad-cis-agent-presentation-master/customize.toml","96bdc857041f90cc6fbfec19ae60f32cb932cedd9abff5293651ffbdf8564cd2"
"toml","customize","cis","cis/skills/bmad-cis-agent-storyteller/customize.toml","ea81e5a186a71b545256eee447e09166b06bd3473e490cba86c8ea1891968baa"
"toml","customize","cis","cis/skills/bmad-cis-design-thinking/customize.toml","b2fe38acfa3d906f898588af4fcea594d0c493911dc60496042a5aca86addb70"
"toml","customize","cis","cis/skills/bmad-cis-innovation-strategy/customize.toml","6f671d4d17c6e4cb880a81384e161b51eea29889d7673d17bcf4353c1a92504f"
"toml","customize","cis","cis/skills/bmad-cis-problem-solving/customize.toml","3683c044711f8548e9f5e7b5e0caa3673f2eee4deb17550f401807da488afe60"
"toml","customize","cis","cis/skills/bmad-cis-storytelling/customize.toml","f4a92a16d196d49c6ad7aef5a24a5a7a50b5da5e6d3c25b6067baa5ae81930cd"
"yaml","config","cis","cis/config.yaml","adef70049e47e1253554645c874c0c6ba2c9ef260e5ebc937c89db1aa2f2e1ff"
"toml","config","config.toml","config.toml","6595f0b85cc668f97ff8a8fcb2b0657928fba7ffde0643fc0a6da73cc3b2eb71"
"toml","config.user","config.user.toml","config.user.toml","4dc32befc072bb172ed87f36c5a4c85f54ffbf1bfc6f1216e19edca317b26d31"
"csv","brain-methods","core","core/bmad-brainstorming/brain-methods.csv","0ab5878b1dbc9e3fa98cb72abfc3920a586b9e2b42609211bb0516eefd542039"
"csv","methods","core","core/bmad-advanced-elicitation/methods.csv","168ffcedd12bf987b087773b12c783126bb7ba64018b54752b89ee67c16dfa84"
"csv","module-help","core","core/module-help.csv","ad3511e78826fc17447262fb585af19848e3002291715736308f9fff5b993bd5"
"md","headless-schemas","core","core/bmad-spec/assets/headless-schemas.md","85c94b15dc1f836967f0628ec36e65547b392074b5cf2ecf92b252765fbd1da6"
"md","SKILL","core","core/bmad-advanced-elicitation/SKILL.md","705cc827cab892855d07dcc926f5c9f749c3abab33e915d6ac1574aec174896b"
"md","SKILL","core","core/bmad-brainstorming/SKILL.md","f4a2c22b40ed34cdbd3282dd6161a3b869902f3bc75b58e181fc9faf78eedd9d"
"md","SKILL","core","core/bmad-customize/SKILL.md","6461073f9322f5f2ec64477d6ae5e79c601e36e3160e492fef4bc2d928d4a9a8"
"md","SKILL","core","core/bmad-editorial-review-prose/SKILL.md","b3687fe80567378627bc2a0c5034ae8d65dfeedcf2b6c90da077f4feca462d0c"
"md","SKILL","core","core/bmad-editorial-review-structure/SKILL.md","164444359d74f695a84faf7ea558d0eef39c75561e6b26669f97a165c6f75538"
"md","SKILL","core","core/bmad-help/SKILL.md","a766c6bd76bcfc4a49a683417440d39978a2e10bb5618dfd469fff03f96b4b4d"
"md","SKILL","core","core/bmad-index-docs/SKILL.md","a855d7060414e73ca4fe8e1a3e1cc4d0f2ce394846e52340bdf5a1317e0d234a"
"md","SKILL","core","core/bmad-party-mode/SKILL.md","bd13fd6cb0b0c61d215e4c394cf4b7cac3a465394c3918f4dc14910513ddb898"
"md","SKILL","core","core/bmad-review-adversarial-general/SKILL.md","7bffc39e6dba4d9123648c5d4d79e17c3c5b1efbd927c3fe0026c2dbb8d99cff"
"md","SKILL","core","core/bmad-review-edge-case-hunter/SKILL.md","f49ed9976f46b4cefa1fc8b4f0a495f16089905e6a7bbf4ce73b8f05c9ae3ee6"
"md","SKILL","core","core/bmad-shard-doc/SKILL.md","3a1538536514725fd4f31aded280ee56b9645fc61d114fd94aacb3ac52304e52"
"md","SKILL","core","core/bmad-spec/SKILL.md","13ecac915925d6786150ae312019220a6efcb8e94b9a883f095dce7e54f263ee"
"md","spec-template","core","core/bmad-spec/assets/spec-template.md","0385e0b3ad589b8af366cdce928a1e430d9afb8c5242c2ae8d887e0bade7f412"
"md","step-01-session-setup","core","core/bmad-brainstorming/steps/step-01-session-setup.md","7fd2aed9527ccdf35fc86bd4c9b27b4a530b5cfdfb90ae2b7385d3185bcd60bc"
"md","step-01b-continue","core","core/bmad-brainstorming/steps/step-01b-continue.md","49f8d78290291f974432bc8e8fce340de58ed62aa946e9e3182858bf63829920"
"md","step-02a-user-selected","core","core/bmad-brainstorming/steps/step-02a-user-selected.md","7ff3bca27286d17902ecea890494599796633e24a25ea6b31bbd6c3d2e54eba2"
"md","step-02b-ai-recommended","core","core/bmad-brainstorming/steps/step-02b-ai-recommended.md","cb77b810e0c98e080b4378999f0e250bacba4fb74c1bcb0a144cffe9989d2cbd"
"md","step-02c-random-selection","core","core/bmad-brainstorming/steps/step-02c-random-selection.md","91c6e16213911a231a41b1a55be7c939e7bbcd1463bd49cb03b5b669a90c0868"
"md","step-02d-progressive-flow","core","core/bmad-brainstorming/steps/step-02d-progressive-flow.md","6b6fbbd34bcf334d79f09e8c36ed3c9d55ddd3ebb8f8f77aa892643d1a4e3436"
"md","step-03-technique-execution","core","core/bmad-brainstorming/steps/step-03-technique-execution.md","3600f54c8d3d529f80627cf00f50168f4312ae44981909fc26bd7f5d425fab81"
"md","step-04-idea-organization","core","core/bmad-brainstorming/steps/step-04-idea-organization.md","acb7eb6a54161213bb916cabf7d0d5084316704e792a880968fc340855cdcbbb"
"md","template","core","core/bmad-brainstorming/template.md","5c99d76963eb5fc21db96c5a68f39711dca7c6ed30e4f7d22aedee9e8bb964f9"
"md","workflow","core","core/bmad-brainstorming/workflow.md","971d306262c303c3d63e2d2183c2963abc71acb72fa0964160be95a809a4a0d9"
"py","list_customizable_skills","core","core/bmad-customize/scripts/list_customizable_skills.py","8787f542930b927789e7fdf12bc5a67ff08e19865903a5ad05ff2cc8fc426b66"
"py","test_list_customizable_skills","core","core/bmad-customize/scripts/tests/test_list_customizable_skills.py","b55fc2e454f245753874f359c18ade9f3ad04debd66176c6e6bf3e403ca9c812"
"toml","customize","core","core/bmad-spec/customize.toml","b0181ba5d4038feb779a7a082a265df753220f868b66b5adb0fb2ed18401c763"
"yaml","config","core","core/config.yaml","2ebb2aa1c19644dbe396b21f75f88a3f27bf8e4f233fba6e7661364858f17203"
"file",".gitignore","custom","custom/.gitignore","973b03a33f142c22cf9b65be285bebadd85790b6b55be04637d2f8c716f58fab"
"py","resolve_config","scripts","scripts/resolve_config.py","8e326149d9170477ecc21aa2aa2389d8fbaa5d1cd95db2de2ad33029ce8ae528"
"py","resolve_customization","scripts","scripts/resolve_customization.py","a56abc64ffc8924f8ded95562c7ef3f6d7f1b18f0724289fd3b95fda3567dab4"
"py","test_resolve_customization","scripts","scripts/tests/test_resolve_customization.py","3c93a68544b28e10c08fe4f8c24f296926e69bf142ace13d1c30867e3283c4cb"
